<application>
  <component name="DimensionService">
    <location key="find.popup.0.0.2560.1440" x="869" y="155" />
    <location key="find.popup.0.0.2940.1912@192dpi" x="998" y="244" />
    <size key="GridCell.Tab.0.left.0.0.2940.1912@192dpi" width="2776" height="846" />
    <size key="GridCell.Tab.0.center.0.0.2940.1912@192dpi" width="2776" height="846" />
    <size key="GridCell.Tab.0.right.0.0.2940.1912@192dpi" width="2776" height="846" />
    <size key="GridCell.Tab.0.bottom.0.0.2940.1912@192dpi" width="2776" height="846" />
    <size key="GridCell.Tab.1.left.0.0.2940.1912@192dpi" width="4956" height="508" />
    <size key="GridCell.Tab.1.center.0.0.2940.1912@192dpi" width="4956" height="508" />
    <size key="GridCell.Tab.1.right.0.0.2940.1912@192dpi" width="4956" height="508" />
    <size key="GridCell.Tab.1.bottom.0.0.2940.1912@192dpi" width="4956" height="508" />
    <size key="GridCell.Tab.0.left.1470.-433.2560.1440" width="2478" height="423" />
    <size key="GridCell.Tab.0.center.1470.-433.2560.1440" width="2478" height="423" />
    <size key="GridCell.Tab.0.right.1470.-433.2560.1440" width="2478" height="423" />
    <size key="GridCell.Tab.0.bottom.1470.-433.2560.1440" width="2478" height="423" />
    <size key="GridCell.Tab.0.left.0.0.2560.1440" width="1388" height="423" />
    <size key="GridCell.Tab.0.center.0.0.2560.1440" width="1388" height="423" />
    <size key="GridCell.Tab.0.right.0.0.2560.1440" width="1388" height="423" />
    <size key="GridCell.Tab.0.bottom.0.0.2560.1440" width="1388" height="423" />
    <size key="find.popup.0.0.2560.1440" width="649" height="590" />
    <size key="GridCell.Tab.1.left.0.0.2560.1440" width="2478" height="415" />
    <size key="GridCell.Tab.1.center.0.0.2560.1440" width="2478" height="415" />
    <size key="GridCell.Tab.1.right.0.0.2560.1440" width="2478" height="415" />
    <size key="GridCell.Tab.1.bottom.0.0.2560.1440" width="2478" height="415" />
    <size key="find.popup.0.0.2940.1912@192dpi" width="1298" height="1668" />
  </component>
  <component name="WindowManager">
    <frame x="292" y="129" width="1976" height="1207" extendedState="6" />
  </component>
  <component name="WindowStateApplicationService">
    <state width="586" height="163" key="ShowUsagesActions.dimensionServiceKey" timestamp="1731091225641">
      <screen x="0" y="25" width="2560" height="1415" />
    </state>
    <state width="575" height="139" key="ShowUsagesActions.dimensionServiceKey/-1393.470.1393.919/0.25.2560.1415" timestamp="1730142585891" />
    <state width="502" height="139" key="ShowUsagesActions.dimensionServiceKey/-1394.470.1394.919/0.25.2560.1415" timestamp="1730492852316" />
    <state width="586" height="163" key="ShowUsagesActions.dimensionServiceKey/-1470.470.1470.919/0.25.2560.1415" timestamp="1731091225641" />
    <state width="576" height="163" key="ShowUsagesActions.dimensionServiceKey/0.37.1470.919" timestamp="1729110475553" />
    <state x="1280" y="605" width="800" height="650" key="WELCOME_SCREEN" timestamp="1732444708685">
      <screen x="0" y="25" width="2560" height="1415" />
    </state>
    <state x="1280" y="605" width="800" height="650" key="WELCOME_SCREEN/-1470.470.1470.919/0.25.2560.1415" timestamp="1732444708685" />
    <state x="735" y="451" width="800" height="650" key="WELCOME_SCREEN/0.37.1470.919" timestamp="1731272423236" />
    <state x="2750" y="172" width="800" height="650" key="WELCOME_SCREEN/0.37.1470.919/1470.-408.2560.1415" timestamp="1728200066266" />
    <state x="955" y="527" width="800" height="650" key="WELCOME_SCREEN/76.37.1394.919" timestamp="1730493876643" />
    <state x="335" y="94" width="800" height="715" key="new project wizard" timestamp="1729106679864">
      <screen x="0" y="37" width="1470" height="919" />
    </state>
    <state x="335" y="94" width="800" height="715" key="new project wizard/0.37.1470.919" timestamp="1729106679864" />
  </component>
</application>