<keymap version="1" name="macOS copy" parent="Mac OS X 10.5+">
  <action id="ActivateBookmarksToolWindow" />
  <action id="ActivateFindToolWindow" />
  <action id="ActivateProjectToolWindow" />
  <action id="ActivateRunToolWindow" />
  <action id="CallInlineCompletionAction">
    <keyboard-shortcut first-keystroke="shift alt back_slash" />
    <keyboard-shortcut first-keystroke="ctrl #10000c5" />
  </action>
  <action id="ChangesView.Move" />
  <action id="ChangesView.SetDefault" />
  <action id="ChangesView.ToggleCommitUi" />
  <action id="CheckinProject" />
  <action id="DeleteRecentFiles">
    <keyboard-shortcut first-keystroke="meta #10000c5" />
  </action>
  <action id="DuplicatesForm.SendToLeft" />
  <action id="DuplicatesForm.SendToRight" />
  <action id="EditorCutLineEnd" />
  <action id="EditorLookupSelectionDown">
    <keyboard-shortcut first-keystroke="ctrl j" />
  </action>
  <action id="EditorLookupSelectionUp">
    <keyboard-shortcut first-keystroke="ctrl k" />
  </action>
  <action id="EditorScrollToCenter" />
  <action id="FileChooser.GotoHome" />
  <action id="FileChooser.GotoModule" />
  <action id="FileChooser.GotoProject" />
  <action id="FindInPath" />
  <action id="FindSelectionInPath" />
  <action id="Git.Commit.Stage" />
  <action id="GotoBookmark1">
    <keyboard-shortcut first-keystroke="meta 1" />
  </action>
  <action id="GotoBookmark2">
    <keyboard-shortcut first-keystroke="meta 2" />
  </action>
  <action id="GotoBookmark3">
    <keyboard-shortcut first-keystroke="meta 3" />
  </action>
  <action id="GotoBookmark4">
    <keyboard-shortcut first-keystroke="meta 4" />
  </action>
  <action id="GotoFile">
    <keyboard-shortcut first-keystroke="shift meta n" />
  </action>
  <action id="GotoLine" />
  <action id="GuiDesigner.QuickJavadoc">
    <keyboard-shortcut first-keystroke="f1" />
    <mouse-shortcut keystroke="control button2" />
  </action>
  <action id="Jdbc.OpenConsole.New.Generate" />
  <action id="NewScratchFile" />
  <action id="NextSplitter" />
  <action id="NextWindow">
    <keyboard-shortcut first-keystroke="alt tab" />
  </action>
  <action id="QuickJavaDoc">
    <keyboard-shortcut first-keystroke="f1" />
    <mouse-shortcut keystroke="control button2" />
  </action>
  <action id="RenameElement">
    <keyboard-shortcut first-keystroke="meta k" />
  </action>
  <action id="Run">
    <keyboard-shortcut first-keystroke="ctrl l" />
  </action>
  <action id="SearchEverywhere">
    <keyboard-shortcut first-keystroke="shift meta f" />
  </action>
  <action id="SwitcherBackward">
    <keyboard-shortcut first-keystroke="ctrl k" />
  </action>
  <action id="SwitcherForward">
    <keyboard-shortcut first-keystroke="ctrl j" />
  </action>
  <action id="Terminal.ClearBuffer" />
  <action id="Terminal.NextSplitter" />
  <action id="Terminal.ShowDocumentation">
    <keyboard-shortcut first-keystroke="f1" />
    <mouse-shortcut keystroke="control button2" />
  </action>
  <action id="ToggleBookmarkWithMnemonic">
    <keyboard-shortcut first-keystroke="meta l" />
  </action>
  <action id="Vcs.Log.FocusTextFilter" />
  <action id="Vcs.Log.ShowTooltip">
    <keyboard-shortcut first-keystroke="f1" />
    <mouse-shortcut keystroke="control button2" />
  </action>
  <action id="Vcs.MoveChangedLinesToChangelist" />
</keymap>